Name,Surname
Mariya,Bobrova
Safiya,Vereshagina
Kamilla,Aleksandrova
Yana,Hudyakova
Alisa,Sinicyna
Zlata,Nesterova
Ulyana,Tumanova
Stefaniya,Komarova
Veronika,Dyakonova
Alyona,Stepanova
Kira,Smirnova
Alina,Dmitrieva
Sofiya,Nikiforova
Marina,Chistyakova
Sofya,Bazhenova
Viktoriya,Shapovalova
Valeriya,Tihonova
Arina,Muraveva
Anastasiya,Kuznecova
Anna,Kozlova
Tatyana,Mihajlova
Nadezhda,Fedorova
Agata,Blinova
Lyubov,Ivanova
Miroslava,Sofronova
Karina,Korchagina
Eva,Zhuravleva
Elena,Zajceva
Darya,Borisova
Lada,Konovalova
Nikol,Martynova
Elina,Chernysheva
Majya,Ignatova
Vera,Pankova
Varvara,Maksimova
Ekaterina,Litvinova
Aisha,Gromova
Mila,Stolyarova
Polina,Chumakova
Milana,Eliseeva
Olga,Kotova
Ajsha,Davydova
Yasmina,Kirillova
Vasilisa,Skvorcova
Elizaveta,Troshina
Margarita,Kalashnikova
Madina,Ushakova
Amira,Gavrilova
Natalya,Lukina
Marianna,Antonova
Amina,Semenova
Taisiya,Ezhova
Mira,Vasileva
Miya,Sazonova
Kseniya,Petrova
Marta,Rusakova
Evgeniya,Eremina
Emiliya,Melnikova
Aleksandra,Medvedeva
Darina,Emelyanova
Evangelina,Afanaseva
Angelina,Evseeva
Valentina,Vinogradova
Zoya,Zinoveva
Kristina,Potapova
Maryana,Saharova
Aglaya,Terehova
Yuliya,Troickaya
Lidiya,Yakovleva
Adelina,Kravcova
Vlada,Belova
Dariya,Nikitina
Fatima,Sergeeva
Malika,Fedotova
Ajlin,Demyanova
Anfisa,Naumova
Irina,Kurochkina
Antonina,Maslova
Nika,Selezneva
Adelya,Morozova
Ameliya,Tarasova
Diana,Trofimova
Tamara,Vorobeva
Oliviya,Gorbunova
Ariana,Sokolova
Olesya,Kolesova
Klavdiya,Grigoreva
Inessa,Okulova
Nina,Biryukova
Hristina,Denisova
Edita,Nekrasova
Ustinya,Sudakova
Sharlota,Nikolaeva
Zhanna,Filatova
Greta,Gerasimova
Johanna,Ilina
Cara,Haritonova
Bozhena,Sherbakova
Yunona,Sorokina
Harita,Kulikova
Rada,Platonova
Regina,Zykova
Praskovya,Panova
Zhaklin,Ustinova
Chechiliya,Osipova
Lyusya,Muhina
Bereslava,Krasnova
Josifa,Lapina
Zhasmin,Krylova
Fedosya,Zolotova
Jooni,Andreeva
Oktyabrina,Korovina
Inga,Kuzina
Faina,Suhanova
Yasya,Filippova
Shushana,Karpova
Oksana,Egorova
Dominika,Bespalova
Erika,Kalinina
Pelageya,Panteleeva
Chara,Demidova
Shanetta,Veshnyakova
Dina,Kozyreva
Florentina,Frolova
Yagetta,Konstantinova
Izabella,Gorshkova
Alla,Abramova
Hilda,Orlova
Jolanta,Pavlova
Yanita,Chernyh
Bella,Yudina
Yuzefa,Rodionova
Iskra,Klimova
Gloriya,Selivanova
Anzhelika,Zhukova
Zhozefina,Rudneva
Cveta,Sviridova
Yael,Usova
Malvina,Guseva
Zinaida,Gluhova
Nonna,Starostina
Ellada,Chernova
Georgina,Trifonova
Lyudmila,Fadeeva
Yuna,Zaharova
Gelena,Zavyalova
Yanina,Utkina
Klementina,Mironova
Bronislava,Belyaeva
Izolda,Kiseleva
Svetlana,Serova
Renata,Kolcova
Cvetelina,Kudryavceva
Chilita,Safonova
Gera,Pokrovskaya
,Shilova
,Shubina
,Moiseeva
,Markelova
,Aksenova
,Agapova
,Popova
,Dubova
,Vlasova
,Soloveva
,Andrianova
,Kryukova
,Simonova
,Golovina
,Volkova
,Zubkova
,Prokofeva
,Voroncova
,Alehina
,Rozanova
,Novikova
,Kochetova
,Galkina
,Burova
,Kondratova
,Zotova
,Shestakova
,Sidorova
,Shevcova
,Pankratova
,Pahomova
,Makeeva
,Kovaleva
,Komissarova
,Panina
,Kazakova
,Ignateva
,Ponomareva
,Zubova
,Bykova
,Hohlova
,Rozhkova
,Prohorova
,Petuhova
,Arhipova
,Minaeva
,Gorbacheva
,Merkulova
,Nefedova
,Markova
,Zhdanova
,Mitrofanova
,Lobanova
,Ermolova
,Ovchinnikova
,Spiridonova
,Zimina
,Malysheva
,Uspenskaya
,Tihomirova
,Rubcova
,Goncharova
,Soboleva
,Makarova
,Lapteva
,Kondrashova
,Grishina
,Shmeleva
,Odincova
,Bondareva
,Saveleva
,Gulyaeva
,Polikarpova
,Larina
,Kuleshova
,Fedoseeva
,Kalmykova
,Ryzhova
,Ryabova
,Kovalchuk
,Gorbachyova
,Tolochko
,Bragina
,Shevchenko
,Nikonova
,Navalna
,Solovyova
,Fedunkiv
,Andrusejko
,Sharova
,Tarasyuk
,Yakovenko
,Dementeva
,Miheeva
,Kravchuk
,Eryomenko
,Merkusheva
,Linnik
,Susarenko
,Marochko
,Maslovska
,Rybakova
,Golubeva
,Chikolba
,Turova
,Drozdova
,Kolobova
,Ivanenko
,Moiseenko
,Nazarova
,Kosheleva
,Kostina
,Petriv
,Borodaj
,Andruhovich
,Ponomarenko
,Nosova
,Mnogogreshna
,Romanenko
,Gamula
,Myasnikova
,Timofeeva
,Lihachyova
,Kulishenko
,Vygovska
,Vishnyakova
,Vladimirova
,Bachej
,Petrovska
,Blohina
,Yakusheva
,Saksaganska
,Batejko
,Butko
,Evdokimova
,Samojlova
,Majboroda
,Efremova
,Sharapova
,Samsonova
,Gonchar
,Shkraba
,Kopylova
,Loginova
,Lebedeva
,Avdeeva
,Ershova
,Timoshenko
,Borisenko
,Kuzmina
,Vorobyova
,Belyakova
,Teterina
,Miloslavska
,Yalova
,Gajchuk
,Kocyubinska
,Kirilenko
,Shuhevich
,Kornejchuk
,Korolyova
,Polishuk
,Shumilo
,Zaharchenko
,Valkovska
,Shashkova
,Tokar
,Kovalyova
,Zhitar
,Isakova
,Temchenko
,Kabanova
,Yacenyuk
,Mamontova
,Gureva
,Kononova
,Yarova
,Belousova
,Strelkova
,Ermakova
,Ivashenko
,Fokina
,Tkachenko
,Shufrich
,Sysoeva